2019-2-7,7,normal
2019-2-7,1,video
2019-2-7,3,video
2019-2-7,3,normal
2019-2-7,8,video
2019-2-7,8,normal
2019-2-7,6,normal
2019-2-7,4,normal
2019-2-7,7,video
2019-2-7,4,normal
2019-2-7,8,normal
2019-2-7,4,normal
2019-2-7,5,normal
2019-2-7,1,video
2019-2-7,7,normal
2019-2-7,2,normal
2019-2-7,6,normal
2019-2-7,4,normal
2019-2-7,9,video
2019-2-7,3,normal
2019-2-7,7,normal
2019-2-7,1,normal
2019-2-7,6,normal
2019-2-7,4,video
2019-2-7,1,normal
2019-2-7,1,video
2019-2-7,5,normal
2019-2-7,1,normal
2019-2-7,1,video
2019-2-7,2,video
2019-2-7,5,normal
2019-2-7,6,normal
2019-2-7,5,normal
2019-2-7,7,normal
2019-2-7,4,normal
2019-2-7,7,normal
2019-2-7,5,video
2019-2-7,7,video
2019-2-7,6,normal
2019-2-7,1,normal
2019-2-7,6,normal
2019-2-7,2,normal
2019-2-7,4,normal
2019-2-7,8,normal
2019-2-7,7,normal
2019-2-7,7,normal
2019-2-7,1,normal
2019-2-7,4,normal
2019-2-7,1,video
2019-2-7,2,normal
2019-2-7,6,video
2019-2-7,3,normal
2019-2-7,5,normal
2019-2-7,7,normal
2019-2-7,3,normal
2019-2-7,4,normal
2019-2-7,4,normal
2019-2-7,5,video
2019-2-7,7,normal
2019-2-7,6,video
2019-2-7,5,normal
2019-2-7,2,normal
2019-2-7,6,normal
2019-2-7,5,normal
2019-2-7,7,normal
2019-2-7,7,normal
2019-2-7,4,video
2019-2-7,9,video
2019-2-7,7,normal
2019-2-7,1,video
2019-2-7,2,normal
2019-2-7,4,normal
2019-2-7,7,video
2019-2-7,5,normal
2019-2-7,6,normal
2019-2-7,1,normal
2019-2-7,1,normal
2019-2-7,2,normal
2019-2-7,3,normal
2019-2-7,6,normal
2019-2-7,1,normal
2019-2-7,9,normal
2019-2-7,3,normal
2019-2-7,6,normal
2019-2-7,8,video
2019-2-7,4,normal
2019-2-7,9,normal
2019-2-7,9,normal
2019-2-7,4,video
2019-2-7,5,normal
2019-2-7,5,video
2019-2-7,8,normal
2019-2-7,5,normal
2019-2-7,5,video
2019-2-7,8,video
2019-2-7,1,normal
2019-2-7,2,video
2019-2-7,7,normal
2019-2-7,4,normal
2019-2-7,1,normal
2019-2-7,1,normal
2019-2-7,8,video
2019-2-7,9,video
2019-2-7,9,normal
2019-2-7,1,normal
2019-2-7,3,normal
2019-2-7,9,normal
2019-2-7,5,normal
2019-2-7,3,normal
2019-2-7,7,video
2019-2-7,5,video
2019-2-7,4,normal
2019-2-7,6,normal
2019-2-7,1,normal
2019-2-7,8,normal
2019-2-7,5,normal
2019-2-7,9,video
2019-2-7,1,video
2019-2-7,7,normal
2019-2-7,7,normal
2019-2-7,4,normal
2019-2-7,8,video
2019-2-7,3,normal
2019-2-7,9,video
2019-2-7,4,normal
2019-2-7,5,normal
2019-2-7,3,video
2019-2-7,7,normal
2019-2-7,8,normal
2019-2-7,6,normal
2019-2-7,1,video
2019-2-7,3,normal
2019-2-7,3,normal
2019-2-7,5,video
2019-2-7,4,normal
2019-2-7,6,video
2019-2-7,6,normal
2019-2-7,4,video
2019-2-7,7,normal
2019-2-7,6,normal
2019-2-7,3,normal
2019-2-7,2,normal
2019-2-7,7,normal
2019-2-7,8,video
2019-2-7,4,video
2019-2-7,5,normal
2019-2-7,6,normal
2019-2-7,6,normal
2019-2-7,5,normal
2019-2-7,6,normal
2019-2-7,3,normal
2019-2-7,3,normal
2019-2-7,6,normal
2019-2-7,3,normal
2019-2-7,8,normal
2019-2-7,3,video
2019-2-7,3,normal
2019-2-7,4,normal
2019-2-7,7,normal
2019-2-7,9,normal
2019-2-7,3,normal
2019-2-7,8,normal
2019-2-7,9,normal
2019-2-7,1,normal
2019-2-7,9,normal
2019-2-7,3,normal
2019-2-7,3,normal
2019-2-7,1,video
2019-2-7,3,normal
2019-2-7,5,normal
2019-2-7,4,normal
2019-2-7,2,normal
2019-2-7,2,normal
2019-2-7,1,normal
2019-2-7,9,normal
2019-2-7,6,normal
2019-2-7,7,normal
2019-2-7,1,normal
2019-2-7,6,video
2019-2-7,5,video
2019-2-7,1,normal
2019-2-7,3,normal
2019-2-7,6,normal
2019-2-7,9,normal
2019-2-7,7,normal
2019-2-7,3,normal
2019-2-7,9,normal
2019-2-7,6,normal
2019-2-7,6,normal
2019-2-7,7,normal
2019-2-7,6,normal
2019-2-7,5,normal
2019-2-7,7,video
2019-2-7,3,video
2019-2-7,5,normal
2019-2-7,5,normal
2019-2-7,2,video
2019-2-7,1,normal
2019-2-7,4,normal
2019-2-7,9,video
2019-2-7,5,video
2019-2-7,3,normal
2019-2-7,6,normal
2019-2-7,8,normal
2019-2-7,2,normal
2019-2-7,2,video
2019-2-7,5,normal
2019-2-7,1,normal
2019-2-7,3,video
2019-2-7,8,video
2019-2-7,7,video
2019-2-7,6,video
2019-2-7,1,normal
2019-2-7,5,normal
2019-2-7,4,normal
2019-2-7,4,normal
2019-2-7,1,video
2019-2-7,4,normal
2019-2-7,3,normal
2019-2-7,7,video
2019-2-7,5,normal
2019-2-7,5,normal
2019-2-7,9,video
2019-2-7,9,normal
2019-2-7,6,normal
2019-2-7,4,normal
2019-2-7,8,normal
2019-2-7,5,normal
2019-2-7,5,normal
2019-2-7,4,normal
2019-2-7,2,normal
2019-2-7,6,video
2019-2-7,4,normal
2019-2-7,5,video
2019-2-7,3,video
2019-2-7,4,normal
2019-2-7,4,video
2019-2-7,9,video
2019-2-7,5,normal
2019-2-7,7,normal
2019-2-7,9,normal
2019-2-7,2,normal
2019-2-7,8,normal
2019-2-7,9,normal
2019-2-7,2,normal
2019-2-7,5,normal
2019-2-7,1,normal
2019-2-7,5,normal
2019-2-7,3,video
2019-2-7,4,normal
2019-2-7,4,normal
2019-2-7,6,normal
2019-2-7,8,normal
2019-2-7,9,normal
2019-2-7,6,normal
2019-2-7,9,normal
2019-2-7,8,normal
2019-2-7,5,normal
2019-2-7,4,normal
2019-2-7,5,normal
2019-2-7,6,normal
2019-2-7,9,normal
2019-2-7,2,video
2019-2-7,1,normal
2019-2-7,4,normal
2019-2-7,5,normal
2019-2-7,3,normal
2019-2-7,6,video
2019-2-7,3,normal
2019-2-7,1,normal
2019-2-7,3,video
2019-2-7,1,normal
2019-2-7,7,video
2019-2-7,6,normal
2019-2-7,1,normal
2019-2-7,1,normal
2019-2-7,5,normal
2019-2-7,1,normal
2019-2-7,6,normal
2019-2-7,5,normal
2019-2-7,4,normal
2019-2-7,8,normal
2019-2-7,7,normal
2019-2-7,5,normal
2019-2-7,5,normal
2019-2-7,8,normal
2019-2-7,7,normal
2019-2-7,4,video
2019-2-7,3,normal
2019-2-7,5,video
2019-2-7,5,normal
2019-2-7,5,normal
2019-2-7,8,video
2019-2-7,6,normal
2019-2-7,2,normal
2019-2-7,6,normal
2019-2-7,8,normal
2019-2-7,3,video
2019-2-7,6,normal
2019-2-7,8,normal
2019-2-7,3,normal
2019-2-7,6,normal
2019-2-7,6,normal
2019-2-7,7,normal
2019-2-7,1,normal
2019-2-7,1,normal
2019-2-7,5,normal
2019-2-7,5,normal
2019-2-7,8,normal
2019-2-7,4,normal
2019-2-7,9,normal
2019-2-7,8,video
2019-2-7,2,normal
2019-2-7,3,normal
2019-2-7,1,normal
2019-2-7,8,normal
2019-2-7,4,normal
2019-2-7,9,normal
2019-2-7,7,normal
2019-2-7,9,normal
2019-2-7,4,normal
2019-2-7,2,normal
2019-2-7,5,normal
2019-2-7,8,normal
2019-2-7,9,normal
2019-2-7,3,normal
2019-2-7,4,normal
2019-2-7,8,normal
2019-2-7,2,normal
2019-2-7,4,video
2019-2-7,1,normal
2019-2-7,5,normal
2019-2-7,8,normal
2019-2-7,8,normal
2019-2-7,7,normal
2019-2-7,3,normal
2019-2-7,5,normal
2019-2-7,8,normal
2019-2-7,2,normal
2019-2-7,3,video
2019-2-7,2,normal
2019-2-7,6,normal
2019-2-7,9,normal
2019-2-7,8,normal
2019-2-7,1,video
2019-2-7,1,normal
2019-2-7,4,normal
2019-2-7,5,normal
2019-2-7,1,normal
2019-2-7,8,normal
2019-2-7,9,normal
2019-2-7,9,video
2019-2-7,9,normal
2019-2-7,3,video
2019-2-7,3,normal
2019-2-7,2,video
2019-2-7,1,video
2019-2-7,2,normal
2019-2-7,9,normal
2019-2-7,8,normal
2019-2-7,9,normal
2019-2-7,1,normal
2019-2-7,2,normal
2019-2-7,9,normal
2019-2-7,1,video
2019-2-7,1,normal
2019-2-7,2,normal
2019-2-7,2,normal
2019-2-7,7,normal
2019-2-7,7,normal
2019-2-7,5,video
2019-2-7,3,normal
2019-2-7,5,normal
2019-2-7,8,normal
2019-2-7,2,video
2019-2-7,4,normal
2019-2-7,1,video
2019-2-7,8,normal
2019-2-7,7,normal
2019-2-7,8,normal
2019-2-7,7,normal
2019-2-7,9,normal
2019-2-7,6,normal
2019-2-7,3,normal
2019-2-7,1,normal
2019-2-7,6,normal
2019-2-7,4,normal
2019-2-7,2,normal
2019-2-7,9,normal
2019-2-7,6,video
2019-2-7,3,normal
2019-2-7,4,video
2019-2-7,8,normal
2019-2-7,4,normal
2019-2-7,1,normal
2019-2-7,5,normal
2019-2-7,2,normal
2019-2-7,5,normal
2019-2-7,9,normal
2019-2-7,3,video
2019-2-7,3,normal
2019-2-7,5,normal
2019-2-7,5,normal
2019-2-7,7,normal
2019-2-7,1,normal
2019-2-7,7,normal
2019-2-7,8,normal
2019-2-7,1,normal
2019-2-7,3,video
2019-2-7,4,normal
2019-2-7,1,normal
2019-2-7,9,video
2019-2-7,8,normal
2019-2-7,6,video
2019-2-7,9,video
2019-2-7,4,normal
2019-2-7,2,normal
2019-2-7,6,normal
2019-2-7,8,normal
2019-2-7,5,normal
2019-2-7,3,video
2019-2-7,5,normal
2019-2-7,7,normal
2019-2-7,1,normal
2019-2-7,9,normal
2019-2-7,1,normal
2019-2-7,5,normal
2019-2-7,9,video
2019-2-7,6,normal
2019-2-7,8,normal
2019-2-7,9,normal
2019-2-7,5,normal
2019-2-7,2,video
2019-2-7,6,normal
2019-2-7,7,normal
2019-2-7,3,normal
2019-2-7,1,normal
2019-2-7,4,normal
2019-2-7,3,video
2019-2-7,7,normal
2019-2-7,5,video
2019-2-7,8,normal
2019-2-7,2,normal
2019-2-7,8,normal
2019-2-7,2,normal
2019-2-7,3,video
2019-2-7,2,normal
2019-2-7,1,normal
2019-2-7,5,normal
2019-2-7,5,normal
2019-2-7,4,video
2019-2-7,5,video
2019-2-7,9,normal
2019-2-7,8,video
2019-2-7,2,normal
2019-2-7,2,normal
2019-2-7,2,normal
2019-2-7,1,video
2019-2-7,7,normal
2019-2-7,7,normal
2019-2-7,1,normal
2019-2-7,5,normal
2019-2-7,3,normal
2019-2-7,8,normal
2019-2-7,6,normal
2019-2-7,7,normal
2019-2-7,1,normal
2019-2-7,8,normal
2019-2-7,8,normal
2019-2-7,8,normal
2019-2-7,3,normal
2019-2-7,5,normal
2019-2-7,3,normal
2019-2-7,5,normal
2019-2-7,4,normal
2019-2-7,5,normal
2019-2-7,1,normal
2019-2-7,4,normal
2019-2-7,4,normal
2019-2-7,2,normal
2019-2-7,9,normal
2019-2-7,9,normal
2019-2-7,3,normal
2019-2-7,6,normal
2019-2-7,6,normal
2019-2-7,8,normal
2019-2-7,3,normal
2019-2-7,5,normal
2019-2-7,8,normal
2019-2-7,5,normal
2019-2-7,8,normal
2019-2-7,1,normal
2019-2-7,9,video
2019-2-7,3,normal
2019-2-7,1,video
2019-2-7,6,normal
2019-2-7,3,normal
2019-2-7,5,normal
2019-2-7,1,normal
2019-2-7,5,normal
2019-2-7,4,normal
2019-2-7,9,normal
2019-2-7,4,video
2019-2-7,2,normal
2019-2-7,4,normal
2019-2-7,5,normal
2019-2-7,9,normal
2019-2-7,8,normal
2019-2-7,4,normal
2019-2-7,9,normal
2019-2-7,4,normal
2019-2-7,9,normal
2019-2-7,6,normal
2019-2-7,8,normal
2019-2-7,9,normal
2019-2-7,1,normal
2019-2-7,4,video
2019-2-7,9,video
2019-2-7,8,video
2019-2-7,2,normal
2019-2-7,4,normal
2019-2-7,5,normal
2019-2-7,6,normal
2019-2-7,6,normal
2019-2-7,5,normal
2019-2-7,7,video
2019-2-7,7,normal
2019-2-7,2,normal
2019-2-7,5,normal
2019-2-7,9,normal
2019-2-7,7,normal
2019-2-7,6,normal
2019-2-7,2,normal
2019-2-7,3,normal
2019-2-7,4,normal
2019-2-7,8,normal
2019-2-7,7,normal
2019-2-7,8,video
2019-2-7,5,normal
2019-2-7,9,normal
2019-2-7,6,video
2019-2-7,2,normal
2019-2-7,5,normal
2019-2-7,9,video
2019-2-7,4,video
2019-2-7,8,normal
2019-2-7,5,normal
2019-2-7,4,video
2019-2-7,1,video
2019-2-7,7,normal
2019-2-7,7,video
2019-2-7,8,normal
2019-2-7,5,video
2019-2-7,3,normal
2019-2-7,1,normal
2019-2-7,2,normal
2019-2-7,4,normal
2019-2-7,9,normal
2019-2-7,5,video
2019-2-7,5,normal
2019-2-7,9,normal
2019-2-7,2,video
2019-2-7,6,normal
2019-2-7,5,video
2019-2-7,4,normal
2019-2-7,7,video
2019-2-7,3,video
2019-2-7,8,normal
2019-2-7,6,normal
2019-2-7,1,video
2019-2-7,8,normal
2019-2-7,5,normal
2019-2-7,7,normal
2019-2-7,3,normal
2019-2-7,2,normal
2019-2-7,2,normal
2019-2-7,8,normal
2019-2-7,2,normal
2019-2-7,7,normal
2019-2-7,2,normal
2019-2-7,2,video
2019-2-7,3,normal
2019-2-7,7,video
2019-2-7,1,video
2019-2-7,7,normal
2019-2-7,2,video
2019-2-7,3,normal
2019-2-7,2,normal
2019-2-7,6,normal
2019-2-7,7,normal
2019-2-7,1,normal
2019-2-7,5,normal
2019-2-7,4,normal
2019-2-7,9,normal
2019-2-7,4,normal
2019-2-7,9,video
2019-2-7,8,normal
2019-2-7,6,normal
2019-2-7,6,normal
2019-2-7,6,normal
2019-2-7,4,normal
2019-2-7,9,normal
2019-2-7,7,normal
2019-2-7,5,video
2019-2-7,4,normal
2019-2-7,1,normal
2019-2-7,4,video
2019-2-7,9,normal
2019-2-7,8,normal
2019-2-7,6,normal
2019-2-7,1,normal
2019-2-7,8,normal
2019-2-7,6,video
2019-2-7,7,normal
2019-2-7,7,normal
2019-2-7,1,normal
2019-2-7,4,normal
2019-2-7,4,normal
2019-2-7,9,normal
2019-2-7,7,normal
2019-2-7,1,video
2019-2-7,3,normal
2019-2-7,8,video
2019-2-7,1,video
2019-2-7,8,video
2019-2-7,4,normal
2019-2-7,7,normal
2019-2-7,7,video
2019-2-7,2,normal
2019-2-7,8,video
2019-2-7,7,normal
2019-2-7,5,normal
2019-2-7,3,video
2019-2-7,3,normal
2019-2-7,9,video
2019-2-7,1,normal
2019-2-7,8,normal
2019-2-7,7,normal
2019-2-7,2,normal
2019-2-7,4,normal
2019-2-7,8,normal
2019-2-7,1,video
2019-2-7,8,normal
2019-2-7,7,normal
2019-2-7,9,normal
2019-2-7,6,normal
2019-2-7,5,normal
2019-2-7,8,normal
2019-2-7,9,normal
2019-2-7,8,normal
2019-2-7,7,normal
2019-2-7,6,normal
2019-2-7,4,video
2019-2-7,7,normal
2019-2-7,7,normal
2019-2-7,1,video
2019-2-7,6,normal
2019-2-7,7,video
2019-2-7,7,normal
2019-2-7,5,normal
2019-2-7,1,normal
2019-2-7,5,normal
2019-2-7,3,normal
2019-2-7,6,normal
2019-2-7,3,normal
2019-2-7,8,normal
2019-2-7,9,normal
2019-2-7,2,normal
2019-2-7,9,normal
2019-2-7,4,video
2019-2-7,6,video
2019-2-7,1,normal
2019-2-7,6,video
2019-2-7,4,normal
2019-2-7,8,normal
2019-2-7,6,video
2019-2-7,3,normal
2019-2-7,7,normal
2019-2-7,6,video
2019-2-7,5,normal
2019-2-7,4,video
2019-2-7,6,normal
2019-2-7,2,normal
2019-2-7,8,video
2019-2-7,8,normal
2019-2-7,3,normal
2019-2-7,8,normal
2019-2-7,2,video
2019-2-7,4,video
2019-2-7,9,normal
2019-2-7,1,video
2019-2-7,1,video
2019-2-7,8,video
2019-2-7,6,normal
2019-2-7,1,video
2019-2-7,7,normal
2019-2-7,5,normal
2019-2-7,3,normal
2019-2-7,9,video
2019-2-7,8,video
2019-2-7,2,video
2019-2-7,3,normal
2019-2-7,7,normal
2019-2-7,5,normal
2019-2-7,3,normal
2019-2-7,3,video
2019-2-7,2,video
2019-2-7,1,normal
2019-2-7,7,normal
2019-2-7,9,normal
2019-2-7,9,normal
2019-2-7,8,normal
2019-2-7,7,video
2019-2-7,3,normal
2019-2-7,7,normal
2019-2-7,9,normal
2019-2-7,5,normal
2019-2-7,8,normal
2019-2-7,7,normal
2019-2-7,5,normal
2019-2-7,7,video
2019-2-7,1,normal
2019-2-7,7,video
2019-2-7,4,normal
2019-2-7,7,video
2019-2-7,2,video
2019-2-7,9,video
2019-2-7,5,normal
2019-2-7,7,video
2019-2-7,1,normal
2019-2-7,1,video
2019-2-7,5,video
2019-2-7,7,video
2019-2-7,4,normal
2019-2-7,2,normal
2019-2-7,9,normal
2019-2-7,4,normal
2019-2-7,3,video
2019-2-7,9,normal
2019-2-7,4,normal
2019-2-7,3,normal
2019-2-7,4,video
2019-2-7,1,normal
2019-2-7,9,normal
2019-2-7,7,normal
2019-2-7,2,normal
2019-2-7,8,video
2019-2-7,1,normal
2019-2-7,6,video
2019-2-7,5,normal
2019-2-7,2,normal
2019-2-7,2,normal
2019-2-7,6,normal
2019-2-7,9,normal
2019-2-7,7,normal
2019-2-7,9,normal
2019-2-7,3,normal
2019-2-7,1,normal
2019-2-7,4,normal
2019-2-7,5,video
2019-2-7,5,normal
2019-2-7,9,normal
2019-2-7,8,normal
2019-2-7,7,video
2019-2-7,9,normal
2019-2-7,5,normal
2019-2-7,7,normal
2019-2-7,2,normal
2019-2-7,6,video
2019-2-7,8,video
2019-2-7,2,normal
2019-2-7,7,video
2019-2-7,1,normal
2019-2-7,5,normal
2019-2-7,1,normal
2019-2-7,2,video
2019-2-7,8,normal
2019-2-7,4,normal
2019-2-7,5,video
2019-2-7,3,video
2019-2-7,7,normal
2019-2-7,2,normal
2019-2-7,7,normal
2019-2-7,3,normal
2019-2-7,1,normal
2019-2-7,1,normal
2019-2-7,3,normal
2019-2-7,6,normal
2019-2-7,2,normal
2019-2-7,3,video
2019-2-7,7,normal
2019-2-7,6,normal
2019-2-7,5,normal
2019-2-7,9,video
2019-2-7,9,normal
2019-2-7,3,normal
2019-2-7,9,normal
2019-2-7,2,normal
2019-2-7,2,video
2019-2-7,7,normal
2019-2-7,4,normal
2019-2-7,8,video
2019-2-7,4,normal
2019-2-7,7,normal
2019-2-7,6,normal
2019-2-7,9,normal
2019-2-7,1,normal
2019-2-7,6,video
2019-2-7,9,video
2019-2-7,8,video
2019-2-7,8,normal
2019-2-7,1,normal
2019-2-7,2,normal
2019-2-7,1,normal
2019-2-7,5,normal
2019-2-7,2,video
2019-2-7,1,normal
2019-2-7,5,video
2019-2-7,3,video
2019-2-7,7,normal
2019-2-7,3,normal
2019-2-7,6,video
2019-2-7,5,normal
2019-2-7,4,video
2019-2-7,9,normal
2019-2-7,5,normal
2019-2-7,8,normal
2019-2-7,1,video
2019-2-7,6,video
2019-2-7,7,video
2019-2-7,9,normal
2019-2-7,4,normal
2019-2-7,7,video
2019-2-7,2,normal
2019-2-7,9,normal
2019-2-7,4,normal
2019-2-7,5,normal
2019-2-7,1,video
2019-2-7,1,normal
2019-2-7,7,normal
2019-2-7,1,video
2019-2-7,3,normal
2019-2-7,5,normal
2019-2-7,8,normal
2019-2-7,2,normal
2019-2-7,5,normal
2019-2-7,4,normal
2019-2-7,4,normal
2019-2-7,2,normal
2019-2-7,8,video
2019-2-7,2,normal
2019-2-7,7,video
2019-2-7,1,normal
2019-2-7,3,video
2019-2-7,7,normal
2019-2-7,2,normal
2019-2-7,3,video
2019-2-7,2,normal
2019-2-7,3,normal
2019-2-7,6,normal
2019-2-7,1,video
2019-2-7,3,video
2019-2-7,2,normal
2019-2-7,9,normal
2019-2-7,3,normal
2019-2-7,6,normal
2019-2-7,6,video
2019-2-7,8,normal
2019-2-7,5,video
2019-2-7,2,normal
2019-2-7,9,normal
2019-2-7,8,normal
2019-2-7,4,normal
2019-2-7,3,normal
2019-2-7,7,video
2019-2-7,4,normal
2019-2-7,9,normal
2019-2-7,5,normal
2019-2-7,6,normal
2019-2-7,2,normal
2019-2-7,5,video
2019-2-7,7,normal
2019-2-7,1,normal
2019-2-7,5,normal
2019-2-7,8,normal
2019-2-7,9,video
2019-2-7,4,video
2019-2-7,7,normal
2019-2-7,2,normal
2019-2-7,7,normal
2019-2-7,8,normal
2019-2-7,9,normal
2019-2-7,8,video
2019-2-7,6,normal
2019-2-7,7,video
2019-2-7,9,video
2019-2-7,8,video
2019-2-7,5,video
2019-2-7,5,video
2019-2-7,6,normal
2019-2-7,9,video
2019-2-7,1,video
2019-2-7,8,normal
2019-2-7,5,normal
2019-2-7,6,normal
2019-2-7,9,normal
2019-2-7,7,video
2019-2-7,7,video
2019-2-7,6,video
2019-2-7,5,normal
2019-2-7,2,normal
2019-2-7,5,normal
2019-2-7,4,normal
2019-2-7,2,video
2019-2-7,8,normal
2019-2-7,5,video
2019-2-7,6,video
2019-2-7,8,video
2019-2-7,3,normal
2019-2-7,5,normal
2019-2-7,6,normal
2019-2-7,2,normal
2019-2-7,3,normal
2019-2-7,7,video
2019-2-7,3,normal
2019-2-7,2,normal
2019-2-7,3,normal
2019-2-7,8,normal
2019-2-7,6,normal
2019-2-7,1,normal
2019-2-7,7,video
2019-2-7,8,normal
2019-2-7,3,video
2019-2-7,5,normal
2019-2-7,3,normal
2019-2-7,6,normal
2019-2-7,6,normal
2019-2-7,5,normal
2019-2-7,2,normal
2019-2-7,6,video
2019-2-7,6,normal
2019-2-7,8,normal
2019-2-7,7,normal
2019-2-7,6,normal
2019-2-7,6,normal
2019-2-7,2,video
2019-2-7,6,normal
2019-2-7,2,normal
2019-2-7,3,video
2019-2-7,8,video
2019-2-7,1,normal
2019-2-7,7,normal
2019-2-7,7,normal
2019-2-7,1,normal
2019-2-7,8,video
2019-2-7,7,normal
2019-2-7,9,video
2019-2-7,3,normal
2019-2-7,2,normal
2019-2-7,3,normal
2019-2-7,1,normal
2019-2-7,5,normal
2019-2-7,6,normal
2019-2-7,5,normal
2019-2-7,3,normal
2019-2-7,3,normal
2019-2-7,3,normal
2019-2-7,5,video
2019-2-7,6,normal
2019-2-7,2,normal
2019-2-7,5,video
2019-2-7,1,normal
2019-2-7,4,video
2019-2-7,1,normal
2019-2-7,7,video
2019-2-7,3,normal
2019-2-7,7,normal
2019-2-7,6,video
2019-2-7,5,normal
2019-2-7,7,normal
2019-2-7,7,normal
2019-2-7,8,normal
2019-2-7,7,normal
2019-2-7,4,normal
2019-2-7,9,normal
2019-2-7,4,normal
2019-2-7,6,normal
2019-2-7,2,normal
2019-2-7,1,normal
2019-2-7,7,video
2019-2-7,1,normal
2019-2-7,5,video
2019-2-7,7,video
2019-2-7,7,normal
2019-2-7,4,normal
2019-2-7,6,normal
2019-2-7,4,normal
2019-2-7,3,video
2019-2-7,5,normal
2019-2-7,8,normal
2019-2-7,5,normal
2019-2-7,3,normal
2019-2-7,9,normal
2019-2-7,6,video
2019-2-7,5,video
2019-2-7,7,normal
2019-2-7,3,normal
2019-2-7,7,normal
2019-2-7,2,normal
2019-2-7,6,normal
2019-2-7,2,video
2019-2-7,8,video
2019-2-7,1,normal
2019-2-7,5,normal
2019-2-7,2,normal
2019-2-7,9,normal
2019-2-7,5,normal
2019-2-7,8,normal
2019-2-7,6,normal
2019-2-7,9,normal
2019-2-7,1,normal
2019-2-7,4,normal
2019-2-7,8,video
2019-2-7,5,normal
2019-2-7,1,normal
2019-2-7,3,normal
2019-2-7,7,normal
2019-2-7,8,normal
2019-2-7,4,normal
2019-2-7,4,video
2019-2-7,5,normal
2019-2-7,9,normal
2019-2-7,2,normal
2019-2-7,4,video
2019-2-7,4,normal
2019-2-7,3,normal
2019-2-7,8,normal
2019-2-7,7,normal
2019-2-7,1,normal
2019-2-7,4,normal
2019-2-7,5,video
2019-2-7,4,normal
2019-2-7,2,normal
2019-2-7,5,normal
2019-2-7,2,normal
2019-2-7,6,normal
2019-2-7,1,normal
2019-2-7,3,normal
2019-2-7,9,normal
2019-2-7,6,normal
2019-2-7,1,normal
2019-2-7,9,normal
2019-2-7,6,normal
2019-2-7,9,normal
2019-2-7,9,normal
2019-2-7,7,video
2019-2-7,3,video
2019-2-7,4,video
2019-2-7,7,normal
2019-2-7,9,video
2019-2-7,2,video
2019-2-7,1,normal
2019-2-7,8,normal
2019-2-7,8,normal
2019-2-7,8,normal
2019-2-7,3,video
2019-2-7,8,normal
2019-2-7,5,normal
2019-2-7,9,video
2019-2-7,9,normal
2019-2-7,3,normal
2019-2-7,2,normal
2019-2-7,7,normal
2019-2-7,9,normal
2019-2-7,2,normal
2019-2-7,5,normal
2019-2-7,6,normal
2019-2-7,2,normal
2019-2-7,9,normal
2019-2-7,1,normal
2019-2-7,3,normal
2019-2-7,9,normal
2019-2-7,3,normal
2019-2-7,1,normal
2019-2-7,2,video
2019-2-7,7,normal
2019-2-7,6,normal
2019-2-7,5,normal
2019-2-7,3,normal
2019-2-7,6,normal
2019-2-7,5,video
2019-2-7,6,video
2019-2-7,2,video
2019-2-7,3,normal
2019-2-7,8,normal
2019-2-7,1,normal
2019-2-7,3,normal
2019-2-7,7,normal
2019-2-7,5,normal
2019-2-7,3,normal
2019-2-7,2,normal
2019-2-7,6,normal
2019-2-7,5,video
2019-2-7,5,normal
2019-2-7,6,video
2019-2-7,7,normal
2019-2-7,7,normal
2019-2-7,2,normal
2019-2-7,2,normal
2019-2-7,2,normal
2019-2-7,6,normal
2019-2-7,3,normal
2019-2-7,3,video
2019-2-7,2,video
2019-2-7,9,video
2019-2-7,8,normal
2019-2-7,1,video
2019-2-7,7,normal
2019-2-7,8,normal
2019-2-7,9,video
2019-2-7,7,normal
2019-2-7,4,video
2019-2-7,6,normal
2019-2-7,8,normal
2019-2-7,1,normal
2019-2-7,3,normal
2019-2-7,4,video
2019-2-7,6,normal
2019-2-7,4,normal
2019-2-7,7,normal
2019-2-7,4,normal
2019-2-7,4,normal
2019-2-7,5,video
2019-2-7,9,normal
2019-2-7,5,normal
2019-2-7,3,video
2019-2-7,7,normal
2019-2-7,9,normal
2019-2-7,2,normal
2019-2-7,6,normal
2019-2-7,2,normal
2019-2-7,6,video
2019-2-7,3,normal
2019-2-7,8,normal
2019-2-7,5,normal
2019-2-7,8,normal
2019-2-7,5,normal
2019-2-7,8,normal
2019-2-7,9,normal
2019-2-7,6,video
2019-2-7,7,normal
2019-2-7,8,video
2019-2-7,5,normal
2019-2-7,3,normal
2019-2-7,2,normal
2019-2-7,2,normal
2019-2-7,1,normal
2019-2-7,4,normal
2019-2-7,1,normal
2019-2-7,1,video
2019-2-7,2,normal
2019-2-7,2,normal
2019-2-7,5,video
2019-2-7,4,normal
2019-2-7,9,normal
2019-2-7,3,normal
2019-2-7,2,normal
2019-2-7,9,normal
2019-2-7,5,video
2019-2-7,2,video
2019-2-7,9,normal
2019-2-7,2,video
2019-2-7,4,normal
2019-2-7,8,video
2019-2-7,1,normal
2019-2-7,7,video
2019-2-7,2,normal
2019-2-7,1,normal
2019-2-7,4,video
2019-2-7,4,video
2019-2-7,6,video
2019-2-7,7,normal
2019-2-7,8,normal
2019-2-7,4,normal
2019-2-7,1,normal
2019-2-7,3,normal
2019-2-7,6,normal
2019-2-7,6,normal
2019-2-7,3,normal
2019-2-7,5,normal
2019-2-7,1,normal
2019-2-7,5,normal
2019-2-7,1,normal
2019-2-7,1,normal
2019-2-7,6,normal
2019-2-7,6,video
2019-2-7,4,normal
2019-2-7,9,video
2019-2-7,7,normal
2019-2-7,8,normal
2019-2-7,8,normal
2019-2-7,2,normal
2019-2-7,7,normal
2019-2-7,4,video
2019-2-7,3,normal
2019-2-7,9,video
2019-2-7,1,normal
2019-2-7,6,normal
2019-2-7,5,normal
2019-2-7,9,normal
2019-2-7,9,normal
2019-2-7,8,video
2019-2-7,1,normal
2019-2-7,7,normal
2019-2-7,3,normal
2019-2-7,1,video
2019-2-7,6,video
2019-2-7,9,normal
2019-2-7,8,normal
2019-2-7,4,normal
2019-2-7,9,normal
2019-2-7,4,video
2019-2-7,8,video
2019-2-7,4,normal
2019-2-7,8,normal
2019-2-7,9,video
2019-2-7,7,video
2019-2-7,2,video
2019-2-7,4,normal
2019-2-7,7,normal
2019-2-7,5,normal
2019-2-7,5,normal
2019-2-7,7,normal
2019-2-7,5,video
2019-2-7,8,normal
2019-2-7,8,video
2019-2-7,4,normal
2019-2-7,4,normal
2019-2-7,1,normal
2019-2-7,9,normal
2019-2-7,6,video
2019-2-7,6,video
2019-2-7,5,normal
2019-2-7,1,normal
2019-2-7,1,normal
2019-2-7,9,video
2019-2-7,2,normal
2019-2-7,9,normal
2019-2-7,7,video
2019-2-7,6,normal
2019-2-7,7,video
2019-2-7,4,normal
2019-2-7,4,normal
2019-2-7,1,video
2019-2-7,3,video
2019-2-7,9,normal
2019-2-7,4,normal
2019-2-7,8,video
2019-2-7,7,normal
2019-2-7,8,normal
2019-2-7,6,video
2019-2-7,4,normal
2019-2-7,9,normal
2019-2-7,6,normal
2019-2-7,8,normal
2019-2-7,6,normal
2019-2-7,7,normal
2019-2-7,8,normal
2019-2-7,1,normal
2019-2-7,6,normal
2019-2-7,2,video
2019-2-7,2,video
2019-2-7,7,normal
2019-2-7,5,video
2019-2-7,6,normal
2019-2-7,6,video
2019-2-7,8,normal
2019-2-7,7,normal
2019-2-7,1,video
2019-2-7,2,video
2019-2-7,6,normal
2019-2-7,9,normal
2019-2-7,5,normal
2019-2-7,4,normal
2019-2-7,9,normal
2019-2-7,1,normal
2019-2-7,4,normal
2019-2-7,9,normal
2019-2-7,7,video
2019-2-7,9,video
2019-2-7,7,normal
2019-2-7,1,normal
2019-2-7,2,video
2019-2-7,4,normal
2019-2-7,7,normal
2019-2-7,7,video
2019-2-7,5,video
2019-2-7,2,normal
2019-2-7,9,normal
2019-2-7,6,normal
2019-2-7,6,normal
2019-2-7,6,normal
2019-2-7,7,normal
2019-2-7,4,video
2019-2-7,4,normal
2019-2-7,2,normal
2019-2-7,6,normal
2019-2-7,7,normal
2019-2-7,5,normal
2019-2-7,2,normal
2019-2-7,2,normal
2019-2-7,9,normal
2019-2-7,2,normal
2019-2-7,5,normal
2019-2-7,3,video
2019-2-7,1,normal
2019-2-7,2,normal
2019-2-7,5,normal
2019-2-7,4,video
2019-2-7,2,normal
2019-2-7,1,normal
2019-2-7,3,normal
2019-2-7,2,normal
2019-2-7,4,normal
2019-2-7,4,video
2019-2-7,4,normal
2019-2-7,6,normal
2019-2-7,3,normal
2019-2-7,5,normal
2019-2-7,2,normal
2019-2-7,5,video
2019-2-7,7,normal
2019-2-7,5,video
2019-2-7,5,normal
2019-2-7,5,normal
2019-2-7,9,video
2019-2-7,9,normal
2019-2-7,1,video
2019-2-7,8,normal
2019-2-7,8,normal
2019-2-7,2,video
2019-2-7,5,normal
2019-2-7,1,video
2019-2-7,6,normal
2019-2-7,1,normal
2019-2-7,9,video
2019-2-7,7,video
2019-2-7,9,normal
2019-2-7,7,normal
2019-2-7,2,video
2019-2-7,5,normal
2019-2-7,7,normal
2019-2-7,4,video
2019-2-7,3,video
2019-2-7,7,video
2019-2-7,7,normal
2019-2-7,3,video
2019-2-7,2,normal
2019-2-7,4,normal
2019-2-7,5,normal
2019-2-7,8,video
2019-2-7,8,video
2019-2-7,1,normal
2019-2-7,6,normal
2019-2-7,3,normal
2019-2-7,7,normal
2019-2-7,9,normal
2019-2-7,1,video
2019-2-7,6,normal
2019-2-7,6,normal
2019-2-7,8,normal
2019-2-7,8,normal
2019-2-7,1,video
2019-2-7,6,video
2019-2-7,4,normal
2019-2-7,8,normal
2019-2-7,2,normal
2019-2-7,2,normal
2019-2-7,7,normal
2019-2-7,2,normal
2019-2-7,6,normal
2019-2-7,4,video
2019-2-7,4,normal
2019-2-7,6,video
2019-2-7,9,normal
2019-2-7,7,normal
2019-2-7,3,normal
2019-2-7,4,normal
2019-2-7,2,normal
2019-2-7,6,normal
2019-2-7,6,normal
2019-2-7,3,normal
2019-2-7,6,normal
2019-2-7,5,video
2019-2-7,1,video
2019-2-7,9,normal
2019-2-7,6,normal
2019-2-7,3,normal
2019-2-7,3,normal
2019-2-7,8,normal
2019-2-7,9,video
2019-2-7,4,video
2019-2-7,3,video
2019-2-7,4,video
2019-2-7,4,normal
2019-2-7,7,normal
2019-2-7,4,video
2019-2-7,7,normal
2019-2-7,4,normal
2019-2-7,5,normal
2019-2-7,3,video
2019-2-7,1,normal
2019-2-7,2,normal
2019-2-7,1,normal
2019-2-7,8,normal
2019-2-7,5,video
2019-2-7,5,normal
2019-2-7,3,normal
2019-2-7,5,normal
2019-2-7,2,normal
2019-2-7,3,normal
2019-2-7,8,normal
2019-2-7,1,normal
2019-2-7,5,normal
2019-2-7,8,video
2019-2-7,3,normal
2019-2-7,5,video
2019-2-7,4,video
2019-2-7,3,video
2019-2-7,2,normal
2019-2-7,5,video
2019-2-7,9,normal
2019-2-7,4,normal
2019-2-7,7,normal
2019-2-7,9,normal
2019-2-7,3,normal
2019-2-7,1,normal
2019-2-7,8,normal
2019-2-7,5,normal
2019-2-7,8,normal
2019-2-7,1,video
2019-2-7,6,normal
2019-2-7,6,normal
2019-2-7,8,normal
2019-2-7,1,normal
2019-2-7,2,normal
2019-2-7,4,normal
2019-2-7,9,video
2019-2-7,1,normal
2019-2-7,4,normal
2019-2-7,4,normal
2019-2-7,3,normal
2019-2-7,9,normal
2019-2-7,8,normal
2019-2-7,5,video
2019-2-7,2,normal
2019-2-7,3,normal
2019-2-7,2,normal
2019-2-7,2,normal
2019-2-7,2,normal
2019-2-7,5,normal
2019-2-7,3,normal
2019-2-7,4,normal
2019-2-7,6,normal
2019-2-7,5,normal
2019-2-7,5,video
2019-2-7,2,normal
2019-2-7,4,normal
2019-2-7,4,normal
2019-2-7,1,normal
2019-2-7,6,video
2019-2-7,6,normal
2019-2-7,9,normal
2019-2-7,6,normal
2019-2-7,8,normal
2019-2-7,7,normal
2019-2-7,5,normal
2019-2-7,7,normal
2019-2-7,1,normal
2019-2-7,9,video
2019-2-7,3,normal
2019-2-7,8,video
2019-2-7,4,video
2019-2-7,5,normal
2019-2-7,4,normal
2019-2-7,5,normal
2019-2-7,3,video
2019-2-7,3,video
2019-2-7,2,normal
2019-2-7,4,normal
2019-2-7,3,normal
2019-2-7,2,video
2019-2-7,6,normal
2019-2-7,8,normal
2019-2-7,4,normal
2019-2-7,3,normal
2019-2-7,3,normal
2019-2-7,3,normal
2019-2-7,1,normal
2019-2-7,8,normal
2019-2-7,1,normal
2019-2-7,2,normal
2019-2-7,3,normal
2019-2-7,1,video
2019-2-7,5,normal
2019-2-7,7,normal
2019-2-7,4,video
2019-2-7,5,normal
2019-2-7,9,normal
2019-2-7,5,normal
2019-2-7,9,normal
2019-2-7,1,normal
2019-2-7,1,normal
2019-2-7,9,normal
2019-2-7,3,normal
2019-2-7,7,normal
2019-2-7,7,normal
2019-2-7,5,video
2019-2-7,3,normal
2019-2-7,3,normal
2019-2-7,8,normal
2019-2-7,1,normal
2019-2-7,1,normal
2019-2-7,1,normal
2019-2-7,7,normal
2019-2-7,2,normal
2019-2-7,4,normal
2019-2-7,3,normal
2019-2-7,7,normal
2019-2-7,6,video
2019-2-7,8,normal
2019-2-7,1,video
2019-2-7,3,normal
2019-2-7,9,normal
2019-2-7,1,normal
2019-2-7,4,normal
2019-2-7,7,video
2019-2-7,9,normal
2019-2-7,9,normal
2019-2-7,7,video
2019-2-7,6,normal
2019-2-7,3,video
2019-2-7,2,video
2019-2-7,2,video
2019-2-7,7,video
2019-2-7,6,normal
2019-2-7,4,normal
2019-2-7,3,video
2019-2-7,6,normal
2019-2-7,9,normal
2019-2-7,6,normal
2019-2-7,4,normal
2019-2-7,5,normal
2019-2-7,1,normal
2019-2-7,8,normal
2019-2-7,8,normal
2019-2-7,9,video
2019-2-7,1,normal
2019-2-7,2,normal
2019-2-7,5,normal
2019-2-7,9,video
2019-2-7,4,video
2019-2-7,2,normal
2019-2-7,2,normal
2019-2-7,9,normal
2019-2-7,6,normal
2019-2-7,2,normal
2019-2-7,5,video
2019-2-7,5,normal
2019-2-7,5,normal
2019-2-7,4,normal
2019-2-7,2,normal
2019-2-7,1,normal
2019-2-7,7,normal
2019-2-7,8,normal
2019-2-7,9,normal
2019-2-7,8,video
2019-2-7,1,normal
2019-2-7,7,video
2019-2-7,9,normal
2019-2-7,4,normal
2019-2-7,6,normal
2019-2-7,6,normal
2019-2-7,5,normal
2019-2-7,5,normal
2019-2-7,9,normal
2019-2-7,7,normal
2019-2-7,3,normal
2019-2-7,4,normal
2019-2-7,3,video
2019-2-7,2,normal
2019-2-7,4,normal
2019-2-7,5,normal
2019-2-7,7,normal
2019-2-7,9,normal
2019-2-7,6,video
2019-2-7,7,normal
2019-2-7,2,normal
2019-2-7,9,normal
2019-2-7,3,normal
2019-2-7,9,normal
2019-2-7,3,video
2019-2-7,7,normal
2019-2-7,7,normal
2019-2-7,4,normal
2019-2-7,6,normal
2019-2-7,4,normal
2019-2-7,1,normal
2019-2-7,3,normal
2019-2-7,3,normal
2019-2-7,1,normal
2019-2-7,5,video
2019-2-7,2,normal
2019-2-7,6,normal
2019-2-7,3,video
2019-2-7,9,video
2019-2-7,1,normal
2019-2-7,1,video
2019-2-7,9,normal
2019-2-7,3,video
2019-2-7,1,normal
2019-2-7,9,video
2019-2-7,7,normal
2019-2-7,2,normal
2019-2-7,6,normal
2019-2-7,8,normal
2019-2-7,7,normal
2019-2-7,3,normal
2019-2-7,8,normal
2019-2-7,3,normal
2019-2-7,3,video
2019-2-7,1,video
2019-2-7,7,normal
2019-2-7,2,video
2019-2-7,9,normal
2019-2-7,7,normal
2019-2-7,6,normal
2019-2-7,8,normal
2019-2-7,2,normal
2019-2-7,5,normal
2019-2-7,4,video
2019-2-7,6,video
2019-2-7,3,normal
2019-2-7,9,normal
2019-2-7,4,normal
2019-2-7,8,normal
2019-2-7,2,normal
2019-2-7,3,normal
2019-2-7,1,normal
2019-2-7,6,normal
2019-2-7,8,normal
2019-2-7,5,normal
2019-2-7,8,normal
2019-2-7,4,normal
2019-2-7,6,normal
2019-2-7,4,video
2019-2-7,7,normal
2019-2-7,2,normal
2019-2-7,3,video
2019-2-7,7,normal
2019-2-7,8,video
2019-2-7,2,normal
2019-2-7,5,video
2019-2-7,7,normal
2019-2-7,3,normal
2019-2-7,6,normal
2019-2-7,9,normal
2019-2-7,2,normal
2019-2-7,9,video
2019-2-7,8,normal
2019-2-7,6,normal
2019-2-7,9,normal
2019-2-7,9,normal
2019-2-7,5,normal
2019-2-7,3,normal
2019-2-7,3,normal
2019-2-7,2,normal
2019-2-7,3,normal
2019-2-7,7,normal
2019-2-7,8,normal
2019-2-7,6,normal
2019-2-7,4,normal
2019-2-7,6,normal
2019-2-7,9,normal
2019-2-7,3,normal
2019-2-7,9,normal
2019-2-7,5,normal
2019-2-7,1,video
2019-2-7,5,video
2019-2-7,7,normal
2019-2-7,6,normal
2019-2-7,5,normal
2019-2-7,2,normal
2019-2-7,1,normal
2019-2-7,4,normal
2019-2-7,9,normal
2019-2-7,2,normal
2019-2-7,3,normal
2019-2-7,5,normal
2019-2-7,4,video
2019-2-7,2,normal
2019-2-7,7,video
2019-2-7,8,video
2019-2-7,3,video
2019-2-7,3,video
2019-2-7,3,normal
2019-2-7,3,video
2019-2-7,2,normal
2019-2-7,8,normal
2019-2-7,1,normal
2019-2-7,2,normal
2019-2-7,6,normal
2019-2-7,2,video
2019-2-7,6,video
2019-2-7,1,normal
2019-2-7,7,normal
2019-2-7,3,normal
2019-2-7,8,video
2019-2-7,6,normal
2019-2-7,2,video
2019-2-7,9,normal
2019-2-7,7,normal
2019-2-7,7,video
2019-2-7,4,normal
2019-2-7,6,video
2019-2-7,8,normal
2019-2-7,7,normal
2019-2-7,2,normal
2019-2-7,7,normal
2019-2-7,2,video
2019-2-7,2,normal
2019-2-7,5,normal
2019-2-7,2,video
2019-2-7,4,normal
2019-2-7,4,normal
2019-2-7,3,normal
2019-2-7,8,normal
2019-2-7,1,normal
2019-2-7,1,normal
2019-2-7,3,video
2019-2-7,8,normal
2019-2-7,7,video
2019-2-7,8,video
2019-2-7,8,video
2019-2-7,5,normal
2019-2-7,9,normal
2019-2-7,8,normal
2019-2-7,6,video
2019-2-7,8,normal
2019-2-7,7,normal
2019-2-7,3,normal
2019-2-7,4,normal
2019-2-7,5,normal
2019-2-7,8,normal
2019-2-7,8,normal
2019-2-7,2,video
2019-2-7,2,normal
2019-2-7,9,normal
2019-2-7,6,normal
2019-2-7,1,video
2019-2-7,9,normal
2019-2-7,7,normal
2019-2-7,1,normal
2019-2-7,7,normal
2019-2-7,2,normal
2019-2-7,9,normal
2019-2-7,4,normal
2019-2-7,6,normal
2019-2-7,2,normal
2019-2-7,4,normal
2019-2-7,4,normal
2019-2-7,2,normal
2019-2-7,2,normal
2019-2-7,1,normal
2019-2-7,8,normal
2019-2-7,1,normal
2019-2-7,8,video
2019-2-7,1,normal
2019-2-7,2,normal
2019-2-7,9,normal
2019-2-7,2,normal
2019-2-7,4,video
2019-2-7,7,video
2019-2-7,3,normal
2019-2-7,9,video
2019-2-7,9,normal
2019-2-7,1,normal
2019-2-7,6,normal
2019-2-7,9,normal
2019-2-7,8,normal
2019-2-7,6,normal
2019-2-7,6,normal
2019-2-7,5,normal
2019-2-7,8,video
2019-2-7,2,normal
2019-2-7,1,normal
2019-2-7,2,normal
2019-2-7,9,normal
2019-2-7,9,normal
2019-2-7,6,normal
2019-2-7,5,video
2019-2-7,8,normal
2019-2-7,3,normal
2019-2-7,7,normal
2019-2-7,2,video
2019-2-7,5,normal
2019-2-7,7,video
2019-2-7,3,normal
2019-2-7,4,normal
2019-2-7,8,normal
2019-2-7,3,normal
2019-2-7,5,normal
2019-2-7,2,normal
2019-2-7,1,normal
2019-2-7,7,normal
2019-2-7,1,normal
2019-2-7,8,normal
2019-2-7,3,normal
2019-2-7,4,normal
2019-2-7,4,normal
2019-2-7,6,normal
2019-2-7,4,video
2019-2-7,6,normal
2019-2-7,2,video
2019-2-7,1,normal
2019-2-7,7,video
2019-2-7,7,normal
2019-2-7,5,video
2019-2-7,7,normal
2019-2-7,9,normal
2019-2-7,6,normal
2019-2-7,6,normal
2019-2-7,9,normal
2019-2-7,7,normal
2019-2-7,1,normal
2019-2-7,7,normal
2019-2-7,9,normal
2019-2-7,5,video
2019-2-7,9,video
2019-2-7,5,normal
2019-2-7,5,normal
2019-2-7,6,normal
2019-2-7,2,normal
2019-2-7,8,normal
2019-2-7,1,normal
2019-2-7,9,video
2019-2-7,8,normal
2019-2-7,2,normal
2019-2-7,5,normal
2019-2-7,4,normal
2019-2-7,8,normal
2019-2-7,4,normal
2019-2-7,6,video
2019-2-7,3,normal
2019-2-7,9,normal
2019-2-7,6,normal
2019-2-7,1,normal
2019-2-7,1,normal
2019-2-7,2,normal
2019-2-7,9,normal
2019-2-7,2,normal
2019-2-7,9,normal
2019-2-7,8,normal
2019-2-7,6,normal
2019-2-7,3,normal
2019-2-7,1,normal
2019-2-7,8,video
2019-2-7,3,video
2019-2-7,3,normal
2019-2-7,1,normal
2019-2-7,5,normal
2019-2-7,6,normal
2019-2-7,2,normal
2019-2-7,8,normal
2019-2-7,1,video
2019-2-7,3,normal
2019-2-7,1,normal
2019-2-7,1,normal
2019-2-7,9,normal
2019-2-7,9,normal
2019-2-7,3,video
2019-2-7,4,normal
2019-2-7,8,normal
2019-2-7,9,normal
2019-2-7,6,normal
2019-2-7,7,video
2019-2-7,4,normal
2019-2-7,5,normal
2019-2-7,8,video
2019-2-7,1,normal
2019-2-7,1,video
2019-2-7,7,normal
2019-2-7,7,video
2019-2-7,1,video
2019-2-7,8,video
2019-2-7,2,normal
2019-2-7,5,normal
2019-2-7,5,normal
2019-2-7,5,normal
2019-2-7,3,video
2019-2-7,1,normal
2019-2-7,5,normal
2019-2-7,6,normal
2019-2-7,9,video
2019-2-7,1,normal
2019-2-7,1,normal
2019-2-7,3,normal
2019-2-7,4,normal
2019-2-7,2,video
2019-2-7,4,normal
2019-2-7,5,normal
2019-2-7,1,normal
2019-2-7,5,normal
2019-2-7,3,normal
2019-2-7,1,video
2019-2-7,9,normal
2019-2-7,3,normal
2019-2-7,2,normal
2019-2-7,9,video
2019-2-7,9,normal
2019-2-7,3,normal
2019-2-7,2,normal
2019-2-7,5,video
2019-2-7,1,normal
2019-2-7,3,normal
2019-2-7,7,normal
2019-2-7,4,normal
2019-2-7,9,video
2019-2-7,8,normal
2019-2-7,6,normal
2019-2-7,3,video
2019-2-7,2,normal
2019-2-7,4,normal
2019-2-7,7,video
2019-2-7,4,normal
2019-2-7,4,normal
2019-2-7,1,normal
2019-2-7,1,video
2019-2-7,6,normal
2019-2-7,7,normal
2019-2-7,9,normal
2019-2-7,7,normal
2019-2-7,9,video
2019-2-7,8,normal
2019-2-7,9,normal
2019-2-7,9,normal
2019-2-7,6,normal
2019-2-7,7,normal
2019-2-7,9,normal
2019-2-7,7,normal
2019-2-7,4,video
2019-2-7,7,normal
2019-2-7,3,video
2019-2-7,2,normal
2019-2-7,5,video
2019-2-7,8,normal
2019-2-7,4,normal
2019-2-7,3,normal
2019-2-7,9,normal
2019-2-7,7,normal
2019-2-7,5,normal
2019-2-7,7,normal
2019-2-7,3,normal
2019-2-7,6,video
2019-2-7,9,video
2019-2-7,1,normal
2019-2-7,9,video
2019-2-7,5,normal
2019-2-7,9,normal
2019-2-7,3,normal
2019-2-7,3,normal
2019-2-7,4,normal
2019-2-7,8,normal
2019-2-7,7,normal
2019-2-7,1,video
2019-2-7,9,normal
2019-2-7,9,normal
2019-2-7,4,video
2019-2-7,8,normal
2019-2-7,7,normal
2019-2-7,8,normal
2019-2-7,2,normal
2019-2-7,7,normal
2019-2-7,9,normal
2019-2-7,2,normal
2019-2-7,6,normal
2019-2-7,6,video
2019-2-7,5,normal
2019-2-7,6,normal
2019-2-7,7,normal
2019-2-7,9,video
2019-2-7,6,video
2019-2-7,4,normal
2019-2-7,7,normal
2019-2-7,5,video
2019-2-7,7,video
2019-2-7,2,video
2019-2-7,8,video
2019-2-7,3,normal
2019-2-7,9,normal
2019-2-7,1,video
2019-2-7,8,normal
2019-2-7,8,video
2019-2-7,8,normal
2019-2-7,2,normal
2019-2-7,2,normal
2019-2-7,2,normal
2019-2-7,1,video
2019-2-7,3,normal
2019-2-7,4,normal
2019-2-7,9,normal
2019-2-7,8,normal
2019-2-7,4,normal
2019-2-7,8,normal
2019-2-7,6,normal
2019-2-7,9,video
2019-2-7,9,video
2019-2-7,2,normal
2019-2-7,9,normal
2019-2-7,3,video
2019-2-7,9,normal
2019-2-7,5,video
2019-2-7,1,normal
2019-2-7,1,normal
2019-2-7,3,normal
2019-2-7,7,normal
2019-2-7,4,normal
2019-2-7,4,normal
2019-2-7,8,normal
2019-2-7,1,normal
2019-2-7,8,normal
2019-2-7,1,normal
2019-2-7,4,normal
2019-2-7,5,normal
2019-2-7,9,normal
2019-2-7,4,normal
2019-2-7,2,video
2019-2-7,3,normal
2019-2-7,1,normal
2019-2-7,8,normal
2019-2-7,6,normal
2019-2-7,1,normal
2019-2-7,6,normal
2019-2-7,7,normal
2019-2-7,4,video
2019-2-7,7,normal
2019-2-7,7,normal
2019-2-7,2,normal
2019-2-7,4,video
2019-2-7,6,normal
2019-2-7,1,normal
2019-2-7,4,normal
2019-2-7,3,normal
2019-2-7,9,normal
2019-2-7,3,video
2019-2-7,7,normal
2019-2-7,3,normal
2019-2-7,7,video
2019-2-7,8,normal
2019-2-7,8,normal
2019-2-7,3,normal
2019-2-7,5,video
2019-2-7,7,video
2019-2-7,4,normal
2019-2-7,5,normal
2019-2-7,7,normal
2019-2-7,1,normal
2019-2-7,8,normal
2019-2-7,5,normal
2019-2-7,3,normal
2019-2-7,8,video
2019-2-7,5,normal
2019-2-7,9,normal
2019-2-7,6,normal
2019-2-7,3,normal
2019-2-7,1,normal
2019-2-7,1,normal
2019-2-7,7,normal
2019-2-7,3,video
2019-2-7,9,video
2019-2-7,1,normal
2019-2-7,5,normal
2019-2-7,2,normal
2019-2-7,9,video
2019-2-7,1,video
2019-2-7,3,normal
2019-2-7,8,video
2019-2-7,9,normal
2019-2-7,1,normal
2019-2-7,4,normal
2019-2-7,7,normal
2019-2-7,7,normal
2019-2-7,4,normal
2019-2-7,1,video
2019-2-7,7,normal
2019-2-7,9,normal
2019-2-7,2,normal
2019-2-7,4,normal
2019-2-7,8,normal
2019-2-7,2,normal
2019-2-7,3,normal
2019-2-7,3,normal
2019-2-7,1,normal
2019-2-7,3,normal
2019-2-7,8,normal
2019-2-7,6,normal
2019-2-7,4,normal
2019-2-7,7,normal
2019-2-7,6,normal
2019-2-7,9,video
2019-2-7,2,normal
2019-2-7,5,normal
2019-2-7,4,normal
2019-2-7,4,normal
2019-2-7,4,normal
2019-2-7,7,video
2019-2-7,1,normal
2019-2-7,5,normal
2019-2-7,1,normal
2019-2-7,5,normal
2019-2-7,8,normal
2019-2-7,8,video
2019-2-7,2,normal
2019-2-7,6,normal
2019-2-7,3,normal
2019-2-7,3,normal
2019-2-7,3,normal
2019-2-7,4,video
2019-2-7,1,normal
2019-2-7,7,normal
2019-2-7,5,normal
2019-2-7,5,normal
2019-2-7,3,normal
2019-2-7,5,normal
2019-2-7,9,normal
2019-2-7,5,normal
2019-2-7,4,normal
2019-2-7,9,video
2019-2-7,2,normal
2019-2-7,4,video
2019-2-7,1,normal
2019-2-7,7,video
2019-2-7,9,normal
2019-2-7,3,normal
2019-2-7,6,normal
2019-2-7,4,normal
2019-2-7,4,normal
2019-2-7,1,normal
2019-2-7,5,video
2019-2-7,2,video
2019-2-7,1,normal
2019-2-7,2,normal
2019-2-7,6,video
2019-2-7,2,normal
2019-2-7,7,video
2019-2-7,6,video
2019-2-7,1,video
2019-2-7,7,normal
2019-2-7,3,video
2019-2-7,3,normal
2019-2-7,4,normal
2019-2-7,5,video
2019-2-7,6,video
2019-2-7,8,normal
2019-2-7,1,normal
2019-2-7,5,normal
2019-2-7,1,normal
2019-2-7,5,normal
2019-2-7,3,normal
2019-2-7,6,normal
2019-2-7,5,normal
2019-2-7,7,normal
2019-2-7,6,normal
2019-2-7,8,normal
2019-2-7,6,normal
2019-2-7,5,normal
2019-2-7,7,normal
2019-2-7,1,normal
2019-2-7,2,normal
2019-2-7,3,video
2019-2-7,7,normal
2019-2-7,3,normal
2019-2-7,2,normal
2019-2-7,5,normal
2019-2-7,8,normal
2019-2-7,4,video
2019-2-7,5,video
2019-2-7,9,normal
2019-2-7,8,normal
2019-2-7,6,video
2019-2-7,1,normal
2019-2-7,5,normal
2019-2-7,8,normal
2019-2-7,4,video
2019-2-7,7,normal
2019-2-7,5,normal
2019-2-7,1,normal
2019-2-7,7,normal
2019-2-7,9,normal
2019-2-7,6,normal
2019-2-7,5,normal
2019-2-7,6,normal
2019-2-7,5,video
2019-2-7,8,video
2019-2-7,5,normal
2019-2-7,3,video
2019-2-7,4,video
2019-2-7,7,normal
2019-2-7,9,normal
2019-2-7,9,normal
2019-2-7,7,normal
2019-2-7,3,normal
2019-2-7,1,video
2019-2-7,7,normal
2019-2-7,8,normal
2019-2-7,4,video
2019-2-7,8,video
2019-2-7,5,normal
2019-2-7,9,video
2019-2-7,9,normal
2019-2-7,3,normal
2019-2-7,6,normal
2019-2-7,4,normal
2019-2-7,2,video
2019-2-7,6,normal
2019-2-7,8,normal
2019-2-7,4,video
2019-2-7,2,normal
2019-2-7,3,video
2019-2-7,8,normal
2019-2-7,5,video
2019-2-7,1,normal
2019-2-7,4,video
2019-2-7,7,video
2019-2-7,7,video
2019-2-7,6,video
2019-2-7,8,normal
2019-2-7,4,normal
2019-2-7,8,video
2019-2-7,1,video
2019-2-7,8,normal
2019-2-7,8,normal
2019-2-7,8,normal
2019-2-7,7,normal
2019-2-7,8,normal
2019-2-7,5,normal
2019-2-7,6,normal
2019-2-7,5,normal
2019-2-7,9,normal
2019-2-7,6,normal
2019-2-7,6,normal
2019-2-7,9,video
2019-2-7,3,normal
2019-2-7,1,normal
2019-2-7,9,normal
2019-2-7,6,normal
2019-2-7,3,normal
2019-2-7,6,normal
2019-2-7,3,normal
2019-2-7,5,normal
2019-2-7,1,normal
2019-2-7,9,normal
2019-2-7,3,video
2019-2-7,2,normal
2019-2-7,2,video
2019-2-7,3,normal
2019-2-7,4,normal
2019-2-7,6,normal
2019-2-7,1,normal
2019-2-7,6,video
2019-2-7,4,normal
2019-2-7,8,normal
2019-2-7,7,video
2019-2-7,1,video
2019-2-7,4,normal
2019-2-7,4,video
2019-2-7,3,video
2019-2-7,8,normal
2019-2-7,9,normal
2019-2-7,8,normal
2019-2-7,4,normal
2019-2-7,4,normal
2019-2-7,5,normal
2019-2-7,1,normal
2019-2-7,1,normal
2019-2-7,7,normal
2019-2-7,6,video
2019-2-7,5,normal
2019-2-7,4,normal
2019-2-7,6,normal
2019-2-7,2,normal
2019-2-7,2,normal
2019-2-7,7,normal
2019-2-7,4,normal
2019-2-7,8,video
2019-2-7,2,normal
2019-2-7,3,normal
2019-2-7,3,normal
2019-2-7,9,normal
2019-2-7,5,normal
2019-2-7,4,normal
2019-2-7,5,normal
2019-2-7,8,video
2019-2-7,6,normal
2019-2-7,3,normal
2019-2-7,4,normal
2019-2-7,4,normal
2019-2-7,9,normal
2019-2-7,3,normal
2019-2-7,3,video
2019-2-7,6,normal
2019-2-7,1,video
2019-2-7,3,normal
2019-2-7,2,normal
2019-2-7,3,video
2019-2-7,4,normal
2019-2-7,9,video
2019-2-7,3,normal
2019-2-7,2,video
2019-2-7,3,normal
2019-2-7,8,video
2019-2-7,6,normal
2019-2-7,8,normal
2019-2-7,1,normal
2019-2-7,4,video
2019-2-7,9,video
2019-2-7,1,video
2019-2-7,4,normal
2019-2-7,3,video
2019-2-7,4,normal
2019-2-7,9,normal
2019-2-7,3,normal
2019-2-7,9,video
2019-2-7,6,video
2019-2-7,1,normal
2019-2-7,2,normal
2019-2-7,5,normal
2019-2-7,3,normal
2019-2-7,4,normal
2019-2-7,7,normal
2019-2-7,9,video
2019-2-7,5,normal
2019-2-7,8,normal
2019-2-7,1,normal
2019-2-7,3,normal
2019-2-7,2,normal
2019-2-7,2,normal
2019-2-7,2,normal
2019-2-7,2,normal
2019-2-7,7,normal
2019-2-7,1,normal
2019-2-7,7,video
2019-2-7,1,normal
2019-2-7,1,normal
2019-2-7,7,normal
2019-2-7,7,normal
2019-2-7,9,normal
2019-2-7,4,normal
2019-2-7,5,normal
2019-2-7,5,normal
2019-2-7,2,video
2019-2-7,8,normal
2019-2-7,7,video
2019-2-7,7,normal
2019-2-7,8,normal
2019-2-7,3,normal
2019-2-7,4,normal
2019-2-7,9,normal
2019-2-7,4,video
2019-2-7,3,normal
2019-2-7,1,normal
2019-2-7,5,normal
2019-2-7,2,video
2019-2-7,1,normal
2019-2-7,4,normal
2019-2-7,5,normal
2019-2-7,3,normal
2019-2-7,4,normal
2019-2-7,9,normal
2019-2-7,1,normal
2019-2-7,4,normal
2019-2-7,6,normal
2019-2-7,5,normal
2019-2-7,3,video
2019-2-7,1,video
2019-2-7,9,normal
2019-2-7,1,normal
2019-2-7,3,normal
2019-2-7,3,video
2019-2-7,7,normal
2019-2-7,7,normal
2019-2-7,8,normal
2019-2-7,7,normal
2019-2-7,2,normal
2019-2-7,2,normal
2019-2-7,5,normal
2019-2-7,5,normal
2019-2-7,9,normal
2019-2-7,7,video
2019-2-7,5,video
2019-2-7,3,video
2019-2-7,9,normal
2019-2-7,7,video
2019-2-7,9,normal
2019-2-7,6,normal
2019-2-7,9,normal
2019-2-7,6,normal
2019-2-7,1,normal
2019-2-7,3,video
2019-2-7,5,normal
2019-2-7,4,video
2019-2-7,6,normal
2019-2-7,9,video
2019-2-7,8,normal
2019-2-7,1,normal
2019-2-7,8,normal
2019-2-7,2,video
2019-2-7,6,normal
2019-2-7,2,normal
2019-2-7,1,normal
2019-2-7,1,normal
2019-2-7,3,normal
2019-2-7,1,video
2019-2-7,6,video
2019-2-7,1,normal
2019-2-7,5,normal
2019-2-7,7,normal
2019-2-7,6,video
2019-2-7,6,normal
2019-2-7,3,normal
2019-2-7,8,normal
2019-2-7,9,normal
2019-2-7,2,normal
2019-2-7,1,normal
2019-2-7,5,normal
2019-2-7,4,normal
2019-2-7,7,normal
2019-2-7,3,normal
2019-2-7,8,normal
2019-2-7,5,normal
2019-2-7,9,normal
2019-2-7,8,normal
2019-2-7,7,normal
2019-2-7,1,normal
2019-2-7,3,video
2019-2-7,3,normal
2019-2-7,1,normal
2019-2-7,3,video
2019-2-7,7,normal
2019-2-7,8,normal
2019-2-7,6,normal
2019-2-7,5,normal
2019-2-7,5,normal
2019-2-7,1,normal
2019-2-7,3,normal
2019-2-7,9,normal
2019-2-7,9,normal
2019-2-7,2,video
2019-2-7,9,normal
2019-2-7,1,normal
2019-2-7,3,normal
2019-2-7,5,video
2019-2-7,6,normal
2019-2-7,1,video
2019-2-7,5,normal
2019-2-7,8,normal
2019-2-7,7,normal
2019-2-7,5,normal
2019-2-7,6,normal
2019-2-7,6,normal
2019-2-7,7,normal
2019-2-7,8,normal
2019-2-7,8,normal
2019-2-7,4,normal
2019-2-7,7,normal
2019-2-7,9,normal
2019-2-7,9,normal
2019-2-7,8,normal
2019-2-7,1,normal
2019-2-7,5,normal
2019-2-7,9,normal
2019-2-7,6,normal
2019-2-7,9,normal
2019-2-7,2,normal
2019-2-7,5,normal
2019-2-7,1,normal
2019-2-7,7,normal
2019-2-7,9,normal
2019-2-7,1,normal
2019-2-7,6,normal
2019-2-7,9,video
2019-2-7,7,normal
2019-2-7,9,normal
2019-2-7,6,normal
2019-2-7,1,normal
2019-2-7,6,normal
2019-2-7,8,normal
2019-2-7,7,normal
2019-2-7,3,normal
2019-2-7,5,video
2019-2-7,7,normal
2019-2-7,4,video
2019-2-7,5,normal
2019-2-7,1,normal
2019-2-7,1,video
2019-2-7,5,video
2019-2-7,7,normal
2019-2-7,2,video
2019-2-7,5,video
2019-2-7,2,normal
2019-2-7,7,normal
2019-2-7,7,normal
2019-2-7,6,normal
2019-2-7,5,normal
2019-2-7,3,normal
2019-2-7,1,video
2019-2-7,6,normal
2019-2-7,1,video
2019-2-7,2,normal
2019-2-7,7,normal
2019-2-7,9,normal
2019-2-7,6,normal
2019-2-7,2,video
2019-2-7,1,normal
2019-2-7,4,normal
2019-2-7,7,video
2019-2-7,2,video
2019-2-7,6,video
2019-2-7,3,normal
2019-2-7,7,normal
2019-2-7,8,normal
2019-2-7,7,video
2019-2-7,6,video
2019-2-7,4,normal
2019-2-7,5,normal
2019-2-7,9,normal
2019-2-7,3,normal
2019-2-7,2,normal
2019-2-7,8,normal
2019-2-7,5,normal
2019-2-7,6,normal
2019-2-7,1,video
2019-2-7,6,normal
2019-2-7,3,normal
2019-2-7,7,normal
2019-2-7,4,normal
2019-2-7,6,normal
2019-2-7,1,normal
2019-2-7,1,normal
2019-2-7,6,video
2019-2-7,3,normal
2019-2-7,2,video
2019-2-7,8,normal
2019-2-7,1,normal
2019-2-7,5,normal
2019-2-7,5,normal
2019-2-7,3,normal
2019-2-7,5,normal
2019-2-7,4,normal
2019-2-7,6,normal
2019-2-7,4,normal
2019-2-7,9,video
2019-2-7,9,normal
2019-2-7,4,normal
2019-2-7,6,normal
2019-2-7,3,normal
2019-2-7,9,normal
2019-2-7,1,normal
2019-2-7,1,normal
2019-2-7,2,video
2019-2-7,5,normal
2019-2-7,2,normal
2019-2-7,8,video
2019-2-7,2,video
2019-2-7,5,normal
2019-2-7,3,video
2019-2-7,9,video
2019-2-7,5,normal
2019-2-7,6,normal
2019-2-7,5,normal
2019-2-7,8,normal
2019-2-7,9,normal
2019-2-7,3,normal
2019-2-7,8,normal
2019-2-7,7,video
2019-2-7,9,video
2019-2-7,3,normal
2019-2-7,9,normal
2019-2-7,8,normal
2019-2-7,7,normal
2019-2-7,1,normal
2019-2-7,2,normal
2019-2-7,9,normal
2019-2-7,3,normal
2019-2-7,1,video
2019-2-7,2,normal
2019-2-7,4,normal
2019-2-7,1,normal
2019-2-7,2,normal
2019-2-7,7,normal
2019-2-7,3,normal
2019-2-7,2,normal
2019-2-7,1,normal
2019-2-7,8,normal
2019-2-7,4,normal
2019-2-7,1,normal
2019-2-7,1,video
2019-2-7,7,normal
2019-2-7,6,normal
2019-2-7,3,video
2019-2-7,7,normal
2019-2-7,8,normal
2019-2-7,9,normal
2019-2-7,6,video
2019-2-7,4,normal
2019-2-7,3,normal
2019-2-7,2,normal
2019-2-7,6,normal
2019-2-7,9,video
2019-2-7,4,normal
2019-2-7,9,video
2019-2-7,2,video
2019-2-7,6,normal
2019-2-7,8,normal
2019-2-7,5,normal
2019-2-7,2,normal
2019-2-7,3,normal
2019-2-7,9,normal
2019-2-7,5,normal
2019-2-7,8,video
2019-2-7,1,normal
2019-2-7,4,normal
2019-2-7,8,normal
2019-2-7,3,normal
2019-2-7,6,normal
2019-2-7,5,normal
2019-2-7,4,video
2019-2-7,9,normal
2019-2-7,7,normal
2019-2-7,5,normal
2019-2-7,8,normal
2019-2-7,9,video
2019-2-7,3,normal
2019-2-7,5,video
2019-2-7,9,video
2019-2-7,3,video
2019-2-7,2,normal
2019-2-7,7,normal
2019-2-7,1,video
2019-2-7,5,video
2019-2-7,9,normal
2019-2-7,3,video
2019-2-7,1,normal
2019-2-7,3,normal
2019-2-7,5,normal
2019-2-7,2,normal
2019-2-7,8,normal
2019-2-7,8,video
2019-2-7,9,normal
2019-2-7,6,normal
2019-2-7,5,normal
2019-2-7,2,normal
2019-2-7,6,video
2019-2-7,1,normal
2019-2-7,6,video
2019-2-7,8,normal
2019-2-7,7,normal
2019-2-7,1,normal
2019-2-7,3,normal
2019-2-7,7,normal
2019-2-7,2,video
2019-2-7,4,video
2019-2-7,4,normal
2019-2-7,5,normal
2019-2-7,7,normal
2019-2-7,3,normal
2019-2-7,1,normal
2019-2-7,6,normal
2019-2-7,5,normal
2019-2-7,2,video
2019-2-7,8,video
2019-2-7,8,normal
2019-2-7,3,normal
2019-2-7,8,video
2019-2-7,1,video
2019-2-7,5,normal
2019-2-7,3,normal
2019-2-7,7,normal
2019-2-7,2,video
2019-2-7,9,video
2019-2-7,2,normal
2019-2-7,9,normal
2019-2-7,4,normal
2019-2-7,6,normal
2019-2-7,8,normal
2019-2-7,3,normal
2019-2-7,6,normal
2019-2-7,5,video
2019-2-7,4,normal
2019-2-7,5,normal
2019-2-7,5,normal
2019-2-7,5,video
2019-2-7,5,normal
2019-2-7,5,video
2019-2-7,8,normal
2019-2-7,2,normal
2019-2-7,9,normal
2019-2-7,3,video
2019-2-7,1,normal
2019-2-7,9,normal
2019-2-7,5,video
2019-2-7,7,video
2019-2-7,7,video
2019-2-7,4,normal
2019-2-7,4,video
2019-2-7,8,video
2019-2-7,4,normal
2019-2-7,8,normal
2019-2-7,9,normal
2019-2-7,5,normal
2019-2-7,1,normal
2019-2-7,1,normal
2019-2-7,8,normal
2019-2-7,3,normal
2019-2-7,1,normal
2019-2-7,9,normal
2019-2-7,2,normal
2019-2-7,2,normal
2019-2-7,2,normal
2019-2-7,4,normal
2019-2-7,5,video
2019-2-7,9,video
2019-2-7,5,normal
2019-2-7,4,normal
2019-2-7,4,normal
2019-2-7,6,video
2019-2-7,6,normal
2019-2-7,2,normal
2019-2-7,4,normal
2019-2-7,4,normal
2019-2-7,8,video
2019-2-7,6,normal
2019-2-7,5,normal
2019-2-7,6,normal
2019-2-7,2,normal
2019-2-7,7,video
2019-2-7,5,video
2019-2-7,1,normal
2019-2-7,4,normal
2019-2-7,6,normal
2019-2-7,3,normal
2019-2-7,1,normal
2019-2-7,7,normal
2019-2-7,2,normal
2019-2-7,3,video
2019-2-7,1,normal
2019-2-7,2,normal
2019-2-7,4,normal
2019-2-7,2,normal
2019-2-7,5,normal
2019-2-7,7,video
2019-2-7,7,normal
2019-2-7,4,normal
2019-2-7,3,normal
2019-2-7,9,video
2019-2-7,5,video
2019-2-7,2,video
2019-2-7,3,video
2019-2-7,1,normal
2019-2-7,1,video
2019-2-7,7,normal
2019-2-7,4,normal
2019-2-7,5,normal
2019-2-7,2,normal
2019-2-7,4,video
2019-2-7,9,normal
2019-2-7,5,video
2019-2-7,6,normal
2019-2-7,8,normal
2019-2-7,2,normal
2019-2-7,8,normal
2019-2-7,3,normal
2019-2-7,8,normal
2019-2-7,6,normal
2019-2-7,4,video
2019-2-7,6,video
2019-2-7,5,normal
2019-2-7,3,normal
2019-2-7,8,normal
2019-2-7,2,normal
2019-2-7,3,normal
2019-2-7,6,normal
2019-2-7,1,normal
2019-2-7,8,normal
2019-2-7,5,video
2019-2-7,1,video
2019-2-7,7,normal
2019-2-7,9,video
2019-2-7,9,normal
2019-2-7,5,video
2019-2-7,8,normal
2019-2-7,6,normal
2019-2-7,8,normal
2019-2-7,7,video
2019-2-7,1,normal
2019-2-7,7,normal
2019-2-7,6,normal
2019-2-7,1,normal
2019-2-7,7,normal
2019-2-7,7,normal
2019-2-7,3,normal
2019-2-7,3,normal
2019-2-7,7,normal
2019-2-7,6,normal
2019-2-7,2,video
2019-2-7,2,video
2019-2-7,5,normal
2019-2-7,4,video
2019-2-7,2,normal
2019-2-7,1,video
2019-2-7,2,normal
2019-2-7,9,normal
2019-2-7,5,normal
2019-2-7,1,video
2019-2-7,6,video
2019-2-7,5,normal
2019-2-7,3,video
2019-2-7,8,normal
2019-2-7,4,normal
2019-2-7,4,normal
2019-2-7,6,normal
2019-2-7,7,video
2019-2-7,3,normal
2019-2-7,3,normal
2019-2-7,6,normal
2019-2-7,5,normal
2019-2-7,8,video
2019-2-7,7,video
2019-2-7,3,normal
2019-2-7,1,normal
2019-2-7,3,normal
2019-2-7,7,normal
2019-2-7,5,normal
2019-2-7,1,normal
2019-2-7,1,video
2019-2-7,9,normal
2019-2-7,1,normal
2019-2-7,6,normal
2019-2-7,3,video
2019-2-7,8,normal
2019-2-7,8,normal
2019-2-7,6,normal
2019-2-7,3,normal
2019-2-7,2,normal
2019-2-7,6,normal
2019-2-7,3,normal
2019-2-7,1,normal
2019-2-7,7,normal
2019-2-7,5,normal
2019-2-7,4,normal
2019-2-7,5,normal
2019-2-7,8,normal
2019-2-7,4,normal
2019-2-7,6,normal
2019-2-7,5,normal
2019-2-7,3,video
2019-2-7,3,normal
2019-2-7,4,normal
2019-2-7,7,video
2019-2-7,7,video
2019-2-7,5,normal
2019-2-7,5,normal
2019-2-7,5,normal
2019-2-7,3,normal
2019-2-7,8,normal
2019-2-7,1,normal
2019-2-7,7,normal
2019-2-7,6,normal
2019-2-7,8,normal
2019-2-7,3,normal
2019-2-7,7,normal
2019-2-7,9,normal
2019-2-7,9,normal
2019-2-7,4,normal
2019-2-7,1,video
2019-2-7,7,normal
2019-2-7,3,video
2019-2-7,3,video
2019-2-7,2,video
2019-2-7,1,normal
2019-2-7,7,normal
2019-2-7,4,normal
2019-2-7,3,video
2019-2-7,6,video
2019-2-7,6,video
2019-2-7,4,normal
2019-2-7,2,normal
2019-2-7,3,normal
2019-2-7,7,normal
2019-2-7,9,normal
2019-2-7,8,video
2019-2-7,9,normal
2019-2-7,4,normal
2019-2-7,5,normal
2019-2-7,3,normal
2019-2-7,2,normal
2019-2-7,9,normal
2019-2-7,3,video
2019-2-7,6,normal
2019-2-7,4,normal
2019-2-7,6,normal
2019-2-7,3,video
2019-2-7,9,video
2019-2-7,1,normal
2019-2-7,2,normal
2019-2-7,1,video
2019-2-7,9,normal
2019-2-7,6,normal
2019-2-7,8,normal
2019-2-7,5,video
2019-2-7,7,video
2019-2-7,9,normal
2019-2-7,9,normal
2019-2-7,1,video
2019-2-7,8,normal
2019-2-7,5,normal
2019-2-7,1,normal
2019-2-7,8,normal
2019-2-7,8,normal
2019-2-7,7,video
2019-2-7,2,video
2019-2-7,8,video
2019-2-7,5,normal
2019-2-7,7,video
2019-2-7,5,video
2019-2-7,9,normal
2019-2-7,9,normal
2019-2-7,2,normal
2019-2-7,7,normal
2019-2-7,7,video
2019-2-7,7,normal
2019-2-7,2,normal
2019-2-7,9,normal
2019-2-7,9,normal
2019-2-7,1,normal
2019-2-7,9,normal
2019-2-7,8,normal
2019-2-7,1,normal
2019-2-7,1,normal
2019-2-7,6,normal
2019-2-7,9,normal
2019-2-7,6,video
2019-2-7,1,normal
2019-2-7,3,normal
2019-2-7,2,normal
2019-2-7,7,video
2019-2-7,4,normal
2019-2-7,6,normal
2019-2-7,4,normal
2019-2-7,4,normal
2019-2-7,5,normal
2019-2-7,8,video
2019-2-7,1,normal
2019-2-7,4,normal
2019-2-7,8,normal
2019-2-7,5,video
2019-2-7,8,normal
2019-2-7,9,normal
2019-2-7,1,video
2019-2-7,6,normal
2019-2-7,7,normal
2019-2-7,6,normal
2019-2-7,9,normal
2019-2-7,6,normal
2019-2-7,3,video
2019-2-7,9,normal
2019-2-7,3,normal
2019-2-7,9,normal
2019-2-7,5,normal
2019-2-7,7,video
2019-2-7,8,video
2019-2-7,6,normal
2019-2-7,5,video
2019-2-7,8,normal
2019-2-7,7,video
2019-2-7,7,normal
2019-2-7,4,video
2019-2-7,3,normal
2019-2-7,7,video
2019-2-7,8,normal
2019-2-7,5,normal
2019-2-7,4,normal
2019-2-7,8,normal
2019-2-7,6,normal
2019-2-7,7,normal
2019-2-7,6,normal
2019-2-7,5,normal
2019-2-7,2,video
2019-2-7,7,normal
2019-2-7,4,video